id;type;puissance;etat
1;online e-business;systems integrate;Web HTTP
2;implement;Optimization Cambridgeshire;payment Soap
3;Web;Outdoors New York Data;Jamaican Dollar North Carolina
4;Station;parsing Investment Account;Branding Dynamic black
5;yellow;Books Generic;robust withdrawal generate
6;Garden open-source hybrid;Solomon Islands Dollar;Personal Loan Account HTTP
7;schemas Specialist China;quantify multi-byte;interface Cotton Robust
8;user-centric Infrastructure;Managed Dobra application;Fantastic
9;Liechtenstein Buckinghamshire monetize;Direct;Small Frozen Salad bypassing
10;time-frame Quality;Borders Borders Practical;methodical
